School of Tastyfish;17289;180248;0;-14779,9;503,113;0
Firefin Snapper School;11153;180902;0;-14773,3;532,5;0
School of Tastyfish;20391;180248;0;-14751,1;450,965;0
School of Tastyfish;17292;180248;0;-14748,5;568,119;0
Oily Blackmouth School;50316;180900;0;-14726;353,928;0
Floating Wreckage;11804;180901;0;-14726;353,928;0
School of Tastyfish;20388;180248;0;-14725,3;279,19;0
Stonescale Eel Swarm;47478;180712;0;-14720;448,409;0
Firefin Snapper School;47349;180902;0;-14720;448,409;0
Oily Blackmouth School;50318;180900;0;-14708,2;262,638;0
Firefin Snapper School;11650;180902;0;-14678,3;553,845;0
School of Tastyfish;20392;180248;0;-14676,9;551,697;0
Oily Blackmouth School;47327;180900;0;-14659,1;196,393;0
School of Tastyfish;16917;180248;0;-14658,5;199,432;0
Stonescale Eel Swarm;47475;180712;0;-14597,8;143,019;0
Oily Blackmouth School;11645;180900;0;-14597,8;143,019;0
Firefin Snapper School;11149;180902;0;-14488,5;67,7705;0
Oily Blackmouth School;50317;180900;0;-14488,5;67,7705;0
School of Tastyfish;15215;180248;0;-14481,6;59,4952;0
Floating Wreckage;47335;180901;0;-14424,6;465,557;0
Stonescale Eel Swarm;47479;180712;0;-14424,6;465,557;0
Firefin Snapper School;47511;180902;0;-14424,6;465,557;0
Floating Wreckage;50320;180901;0;-14401,4;438,454;0
Oily Blackmouth School;11148;180900;0;-14347,4;54,1188;0
Floating Wreckage;50319;180901;0;-14347,4;54,1188;0
Oily Blackmouth School;47328;180900;0;-14345;481,232;0
Firefin Snapper School;47512;180902;0;-14345;481,232;0
School of Tastyfish;20410;180248;0;-14344,7;53,7308;0
Oily Blackmouth School;47326;180900;0;-14320,4;529,485;0
Firefin Snapper School;18149;180902;0;-14320,4;529,485;0
School of Tastyfish;20387;180248;0;-14288,2;20,8866;0
School of Tastyfish;18143;180248;0;-14256,9;-44,8341;0
School of Tastyfish;20379;180248;0;-14208,8;-84,284;0
School of Tastyfish;20385;180248;0;-14145;-102,518;0
Firefin Snapper School;47509;180902;0;-14141,9;517,923;0
School of Tastyfish;15062;180248;0;-14022,5;589,767;0
Floating Wreckage;47507;180901;0;-14012,5;599,186;0
Firefin Snapper School;47341;180902;0;-14012,5;599,186;0
Stonescale Eel Swarm;47547;180712;0;-14012,5;599,186;0
School of Tastyfish;18137;180248;0;-13983,8;633,474;0
Stonescale Eel Swarm;11703;180712;0;-13952,5;695,664;0
Floating Wreckage;47331;180901;0;-13952,5;695,664;0
Firefin Snapper School;47342;180902;0;-13952,5;695,664;0
Oily Blackmouth School;47323;180900;0;-13952,5;695,664;0
Firefin Snapper School;50321;180902;0;-13853,3;707,847;0
Stonescale Eel Swarm;47474;180712;0;-13853,3;707,847;0
Oily Blackmouth School;47319;180900;0;-13853,3;707,847;0
School of Tastyfish;20412;180248;0;-13828,8;705,368;0
Firefin Snapper School;47343;180902;0;-13779,9;703,536;0
Oily Blackmouth School;50315;180900;0;-13779,9;703,536;0
Floating Wreckage;47337;180901;0;-13779,9;703,536;0
School of Tastyfish;20382;180248;0;-13748;-397,276;0
Stonescale Eel Swarm;11689;180712;0;-13744,5;-402,947;0
Stonescale Eel Swarm;47476;180712;0;-13693,8;670,814;0
Firefin Snapper School;47513;180902;0;-13693,8;670,814;0
Floating Wreckage;47330;180901;0;-13693,8;670,814;0
School of Tastyfish;20413;180248;0;-13681,3;662,986;0
School of Tastyfish;20414;180248;0;-13648,4;641,196;0
School of Tastyfish;20415;180248;0;-13648,2;551,393;0
Stonescale Eel Swarm;47550;180712;0;-13646,9;547,157;0
Oily Blackmouth School;47318;180900;0;-13646,9;547,157;0
School of Tastyfish;18136;180248;0;-13640,6;619,701;0
Firefin Snapper School;11701;180902;0;-13629,8;-437,232;0
School of Tastyfish;13376;180248;0;-13568,4;760,592;0
Firefin Snapper School;47344;180902;0;-13568,4;766,911;0
School of Tastyfish;20416;180248;0;-13562;630,335;0
School of Tastyfish;14715;180248;0;-13546,6;805,318;0
Stonescale Eel Swarm;11700;180712;0;-13516,4;808,229;0
Firefin Snapper School;47346;180902;0;-13414,4;783,912;0
School of Tastyfish;13231;180248;0;-13413,9;779,54;-0,981451
Oily Blackmouth School;47321;180900;0;-13341,5;808,699;0
School of Tastyfish;13048;180248;0;-13303,2;630,419;0
School of Tastyfish;18134;180248;0;-13291,1;658,304;0
Floating Wreckage;47506;180901;0;-13290,2;651,097;0
Oily Blackmouth School;47322;180900;0;-13290,2;651,097;0
School of Tastyfish;20419;180248;0;-13264,1;580,541;-0,827195
Oily Blackmouth School;47320;180900;0;-13244;775,253;0
School of Tastyfish;18133;180248;0;-13243;562,016;0
Stonescale Eel Swarm;47477;180712;0;-13235,1;558,615;0
Oily Blackmouth School;47505;180900;0;-13235,1;558,615;0
Firefin Snapper School;47348;180902;0;-13235,1;558,615;0
Firefin Snapper School;47339;180902;0;-13150;482,661;0
Stonescale Eel Swarm;47551;180712;0;-13150;482,661;0
Oily Blackmouth School;47325;180900;0;-13150;482,661;0
School of Tastyfish;12891;180248;0;-13118,1;479,772;0
Floating Wreckage;47332;180901;0;-13059,8;506,689;0
Firefin Snapper School;47338;180902;0;-13059,8;506,689;0
School of Tastyfish;13047;180248;0;-13054,4;498,112;0
Firefin Snapper School;47510;180902;0;-12968,7;489,778;0
Oily Blackmouth School;18146;180900;0;-12968,7;489,778;0
Stonescale Eel Swarm;47548;180712;0;-12968,7;489,778;0
Floating Wreckage;47329;180901;0;-12968,7;489,778;0
School of Tastyfish;18135;180248;0;-12966,7;487,359;0
Oily Blackmouth School;47324;180900;0;-12909,3;506,528;0
School of Tastyfish;20423;180248;0;-12869,3;482,93;0
Oily Blackmouth School;18147;180900;0;-12829,6;440,834;0
Floating Wreckage;47336;180901;0;-12829,6;440,834;0
School of Tastyfish;12758;180248;0;-12819,8;481,249;0
School of Tastyfish;12678;180248;0;-12773,2;374,574;0
Stonescale Eel Swarm;47549;180712;0;-12771,4;378,642;0
Firefin Snapper School;47345;180902;0;-12771,4;378,642;0
Floating Wreckage;47333;180901;0;-12771,4;378,642;0
Floating Wreckage;18148;180901;0;-12749,4;343,818;0
Stonescale Eel Swarm;12053;180712;0;-12749,4;343,818;0
Floating Wreckage;47334;180901;0;-12727,5;39,1558;0
School of Tastyfish;20438;180248;0;-12723,1;199,981;0
Stonescale Eel Swarm;11986;180712;0;-12722,4;193,757;0
School of Tastyfish;12529;180248;0;-12717,3;180,569;0
School of Tastyfish;20441;180248;0;-12711,1;-21,5854;0
Firefin Snapper School;47340;180902;0;-12701,7;-21,263;0
School of Tastyfish;20425;180248;0;-12681,6;153,839;0
Floating Wreckage;47508;180901;0;-12679,1;154,718;0
School of Tastyfish;12528;180248;0;-12674,2;-12,4252;0
Greater Sagefish School;47544;180684;0;-12578,5;-108,159;10,0699
School of Tastyfish;11480;180248;0;-12571,5;78,6718;0
Firefin Snapper School;11661;180683;0;-12560,9;47,653;0
School of Tastyfish;12361;180248;0;-12538,4;10,3704;0
Greater Sagefish School;12060;180684;0;-12508,8;-249,623;10,0699
Greater Sagefish School;47434;180684;0;-12472,4;-289,304;10,1106
School of Tastyfish;11453;180248;0;-12382,8;332,3;0
Firefin Snapper School;47539;180683;0;-12349,4;342,822;0
School of Tastyfish;20447;180248;0;-12340,5;305,54;0
Greater Sagefish School;47543;180684;0;-12313,4;-311,831;10,0699
School of Tastyfish;11012;180248;0;-12304,6;351,361;-0,891797
Greater Sagefish School;12075;180684;0;-12298;-297,684;10,0699
Oily Blackmouth School;47412;180682;0;-12259,6;344,519;0
Firefin Snapper School;11968;180683;0;-12259,6;344,519;0
Floating Wreckage;47471;180685;0;-12239,5;-335,31;10,0699
Firefin Snapper School;47419;180683;0;-12202,2;351,023;0
Oily Blackmouth School;47410;180682;0;-12202,2;351,023;0
Floating Wreckage;47472;180685;0;-12131,3;369,493;0
Oily Blackmouth School;32091;180682;0;-12131,3;369,493;0
Firefin Snapper School;11146;180683;0;-12131,3;369,493;0
Greater Sagefish School;47453;180684;0;-12120,5;-352,027;10,0699
School of Tastyfish;18132;180248;0;-12111,2;383,494;0
School of Tastyfish;20448;180248;0;-12089,9;433,639;0
Oily Blackmouth School;47408;180682;0;-12080,1;459,363;0
Firefin Snapper School;47422;180683;0;-12080,1;459,363;0
Oily Blackmouth School;47528;180682;0;-12067,7;871,853;0
Greater Sagefish School;12074;180684;0;-12067,4;-457,138;10,0699
Firefin Snapper School;47421;180683;0;-12043,2;541,762;0
Greater Sagefish School;47428;180684;0;-12036,6;-500,827;10,0699
Oily Blackmouth School;47414;180682;0;-12031,4;593,977;0
Firefin Snapper School;11147;180683;0;-12031,4;593,977;0
School of Tastyfish;20462;180248;0;-12029,2;526,407;0
Oily Blackmouth School;47407;180682;0;-12015,2;532,893;-0,255422
Oily Blackmouth School;47409;180682;0;-12011,6;759,599;0
School of Tastyfish;20449;180248;0;-12006,2;637,413;0
Oily Blackmouth School;47415;180682;0;-12001,6;651,077;0
Firefin Snapper School;47420;180683;0;-11993,8;649,109;-0,949605
School of Tastyfish;20450;180248;0;-11965,9;747,412;0
Firefin Snapper School;47536;180683;0;-11958,1;738,97;0
School of Tastyfish;20451;180248;0;-11957,8;831,91;0
Oily Blackmouth School;47531;180682;0;-11950,8;847,183;0
Floating Wreckage;47470;180685;0;-11925,3;-322,532;10,085
Greater Sagefish School;11668;180684;0;-11925,3;-322,532;10,085
Oily Blackmouth School;47529;180682;0;-11882;876,11;0
School of Tastyfish;20452;180248;0;-11862,1;874,626;-0,84411
Floating Wreckage;12062;180685;0;-11856,7;-427,904;10,0699
Greater Sagefish School;47429;180684;0;-11856,7;-427,904;10,0699
Firefin Snapper School;11662;180683;0;-11844,9;908,972;0
Firefin Snapper School;11663;180683;0;-11833,4;1198,48;0
Floating Wreckage;12076;180685;0;-11820,9;-347,99;10,0699
Oily Blackmouth School;47530;180682;0;-11801,6;961,14;0
Firefin Snapper School;47537;180683;0;-11801,6;961,14;0
School of Tastyfish;20456;180248;0;-11756,1;989,75;0
Greater Sagefish School;12059;180684;0;-11751,5;-359,684;10,0699
Firefin Snapper School;32090;180683;0;-11749,2;998,85;0
Firefin Snapper School;11145;180683;0;-11707,8;1092,1;0
Oily Blackmouth School;11688;180682;0;-11707,8;1092,1;0
Greater Sagefish School;47439;180684;0;-11701,4;-331,587;10,0699
Floating Wreckage;47546;180685;0;-11701,4;-331,587;10,0699
Floating Wreckage;47463;180685;0;-11668,9;-262,907;10,0699
Greater Sagefish School;47448;180684;0;-11668,9;-262,907;10,0699
Greater Sagefish School;47443;180684;0;-11614,3;-192,641;10,0699
Floating Wreckage;50346;180685;0;-11596,9;-3,87077;10,0699
Greater Sagefish School;47435;180684;0;-11596,9;-3,87077;10,0699
Floating Wreckage;47467;180685;0;-11595,8;-30,9914;10,0699
Greater Sagefish School;50344;180684;0;-11595,8;-30,9914;10,0699
Greater Sagefish School;47446;180684;0;-11594,2;-161,316;10,0699
Floating Wreckage;12077;180685;0;-11576,1;-28,4349;10,0699
Greater Sagefish School;47433;180684;0;-11576,1;-28,4349;10,0699
Greater Sagefish School;47441;180684;0;-11568,2;-64,7165;10,0699
Floating Wreckage;47469;180685;0;-11568,2;-64,7165;10,0699
Greater Sagefish School;47437;180684;0;-11542,9;43,4788;10,0699
Floating Wreckage;47545;180685;0;-11542,9;43,4788;10,0699
Floating Wreckage;47466;180685;0;-11538,7;-52,8923;10,0699
Greater Sagefish School;47436;180684;0;-11538,7;-52,8923;10,0699
Greater Sagefish School;47540;180684;0;-11517,9;141,394;10,0699
Greater Sagefish School;47442;180684;0;-11498,4;91,6261;10,0699
Greater Sagefish School;47541;180684;0;-11483,7;187,406;10,0699
Floating Wreckage;47464;180685;0;-11447,1;254,103;10,0699
Greater Sagefish School;47430;180684;0;-11447,1;254,103;10,0699
Sagefish School;1655;180656;0;-11243,9;2021,24;0
Oily Blackmouth School;42695;180582;0;-11243,9;2021,24;0
Floating Debris;1650;180655;0;-11243,9;2021,24;0
Floating Debris;42693;180655;0;-10790,8;2126,85;0
Sagefish School;1639;180656;0;-10790,8;2126,85;0
Oily Blackmouth School;1637;180582;0;-10790,8;2126,85;0
Sagefish School;1691;180656;0;-10549,4;2127,94;0
Floating Debris;42696;180655;0;-10549,4;2127,94;0
Oily Blackmouth School;1656;180582;0;-10549,4;2127,94;0
Sagefish School;1734;180656;0;-10411,3;2116,25;0
Oily Blackmouth School;42698;180582;0;-10411,3;2116,25;0
Floating Debris;1732;180655;0;-10411,3;2116,25;0
Oily Blackmouth School;42697;180582;0;-10326,1;2091,91;0
Floating Debris;1699;180655;0;-10326,1;2091,91;0
Sagefish School;1729;180656;0;-10326,1;2091,91;0
Sagefish School;1762;180656;0;-9882,07;1833,48;0
Floating Debris;1744;180655;0;-9882,07;1833,48;0
Oily Blackmouth School;47247;180582;0;-9882,07;1833,48;0
Oily Blackmouth School;27589;180582;0;-9808,47;1813,63;0
Floating Debris;1735;180655;0;-9808,47;1813,63;0
Sagefish School;1646;180656;0;-9801,39;1766,6;0
Oily Blackmouth School;42694;180582;0;-9801,39;1766,6;0
Floating Debris;1645;180655;0;-9801,39;1766,6;0
Floating Debris;1768;180655;0;-9574,33;1392,54;0
Oily Blackmouth School;47283;180582;0;-9574,33;1392,54;0
Sagefish School;1769;180656;0;-9574,33;1392,54;0
School of Fish;29288;180184;0;-8306,6;-334,969;143,974
Oily Blackmouth School;1771;180582;0;-5730,29;-3414,34;297,605
Sagefish School;47352;180656;0;-5730,29;-3414,34;297,605
Floating Debris;1773;180655;0;-5730,29;-3414,34;297,605
Oily Blackmouth School;1851;180582;0;-5642,59;-3291,67;297,605
Sagefish School;47355;180656;0;-5642,59;-3291,67;297,605
Floating Debris;1858;180655;0;-5642,59;-3291,67;297,605
Sagefish School;47356;180656;0;-5347,89;-3706,57;297,605
Floating Debris;1912;180655;0;-5347,89;-3706,57;297,605
Oily Blackmouth School;1895;180582;0;-5347,89;-3706,57;297,605
Sagefish School;12782;180656;0;-5291,58;-3505,29;297,605
Floating Debris;1466;180655;0;-5291,58;-3505,29;297,605
Oily Blackmouth School;1465;180582;0;-5291,58;-3505,29;297,605
Floating Debris;1635;180655;0;-5260,79;-3631,81;297,605
Oily Blackmouth School;1624;180582;0;-5260,79;-3631,81;297,605
Sagefish School;12770;180656;0;-5260,79;-3631,81;297,605
Floating Debris;1619;180655;0;-5250,53;-3448,45;297,605
Oily Blackmouth School;1618;180582;0;-5250,53;-3448,45;297,605
Sagefish School;12773;180656;0;-5250,53;-3448,45;297,605
Oily Blackmouth School;1604;180582;0;-5232,57;-3133,11;297,605
Floating Debris;1605;180655;0;-5232,57;-3133,11;297,605
Sagefish School;12775;180656;0;-5232,57;-3133,11;297,605
Oily Blackmouth School;2045;180582;0;-5202,45;-3145,92;297,605
Sagefish School;47360;180656;0;-5202,45;-3145,92;297,605
Floating Debris;2051;180655;0;-5202,45;-3145,92;297,605
Sagefish School;47361;180656;0;-5167,09;-3142,34;297,605
Floating Debris;4561;180655;0;-5167,09;-3142,34;297,605
Oily Blackmouth School;2208;180582;0;-5167,09;-3142,34;297,605
Sagefish School;12780;180656;0;-5141,95;-3445,86;297,025
Floating Debris;1489;180655;0;-5141,95;-3445,86;297,025
Oily Blackmouth School;1477;180582;0;-5141,95;-3445,86;297,025
Sagefish School;47353;180656;0;-5127,44;-3148,62;297,605
Floating Debris;1791;180655;0;-5127,44;-3148,62;297,605
Oily Blackmouth School;1784;180582;0;-5127,44;-3148,62;297,605
Sagefish School;12774;180656;0;-5120,34;-3561,44;297,615
Floating Debris;1617;180655;0;-5120,34;-3561,44;297,615
Oily Blackmouth School;1611;180582;0;-5120,34;-3561,44;297,615
Sagefish School;47363;180656;0;-5032,86;-3580,12;297,605
Floating Debris;4583;180655;0;-5032,86;-3580,12;297,605
Oily Blackmouth School;4562;180582;0;-5032,86;-3580,12;297,605
Sagefish School;47358;180656;0;-4982,37;-3543,38;297,605
Floating Debris;2001;180655;0;-4982,37;-3543,38;297,605
Oily Blackmouth School;1929;180582;0;-4982,37;-3543,38;297,605
Sagefish School;47354;180656;0;-4912,3;-3581,94;297,605
Floating Debris;1839;180655;0;-4912,3;-3581,94;297,605
Oily Blackmouth School;1805;180582;0;-4912,3;-3581,94;297,605
Floating Debris;1526;180655;0;-4845,88;-3409,7;297,605
Oily Blackmouth School;1492;180582;0;-4845,88;-3409,7;297,605
Sagefish School;12778;180656;0;-4845,88;-3409,7;297,605
Sagefish School;47359;180656;0;-4773,38;-3163,92;297,605
Floating Debris;2031;180655;0;-4773,38;-3163,92;297,605
Oily Blackmouth School;2026;180582;0;-4773,38;-3163,92;297,605
Floating Debris;47351;180655;0;-4746,4;-3163,21;297,605
Oily Blackmouth School;1770;180582;0;-4746,4;-3163,21;297,605
Sagefish School;50322;180656;0;-4746,4;-3163,21;297,605
Firefin Snapper School;10705;180657;0;-3887,51;-837,013;0
Floating Wreckage;10949;180662;0;-3887,51;-837,013;0
Oily Blackmouth School;20337;180664;0;-3887,51;-837,013;0
Oily Blackmouth School;18169;180664;0;-3884,81;-712,804;0
Floating Wreckage;823;180662;0;-3884,81;-712,804;0
Firefin Snapper School;822;180657;0;-3884,81;-712,804;0
Firefin Snapper School;47518;180657;0;-3873,45;-634,351;0
Oily Blackmouth School;47404;180664;0;-3873,45;-634,351;0
Floating Wreckage;5074;180662;0;-3873,45;-634,351;0
Firefin Snapper School;47373;180657;0;-3843,22;-918,727;0
Oily Blackmouth School;47395;180664;0;-3843,22;-918,727;0
Floating Wreckage;4773;180662;0;-3843,22;-918,727;0
Oily Blackmouth School;16716;180664;0;-3758,88;-608,091;0
Firefin Snapper School;50323;180657;0;-3758,88;-608,091;0
Floating Wreckage;16616;180662;0;-3758,88;-608,091;0
Floating Wreckage;5071;180662;0;-3710,44;-673,205;0
Oily Blackmouth School;47403;180664;0;-3710,44;-673,205;0
Firefin Snapper School;5033;180657;0;-3710,44;-673,205;0
Firefin Snapper School;47369;180657;0;-3707,95;-631,876;0
Oily Blackmouth School;18165;180664;0;-3707,95;-631,876;0
Floating Wreckage;808;180662;0;-3707,95;-631,876;0
Oily Blackmouth School;47526;180664;0;-3649,69;-665,087;0
Floating Wreckage;5119;180662;0;-3649,69;-665,087;0
Firefin Snapper School;5097;180657;0;-3649,69;-665,087;0
Oily Blackmouth School;4679;180664;0;-3353,9;-975,253;0
Floating Wreckage;47382;180662;0;-3353,9;-975,253;0
Firefin Snapper School;47372;180657;0;-3353,9;-975,253;0
Firefin Snapper School;14902;180657;0;-3262,99;-889,309;0
Oily Blackmouth School;47391;180664;0;-3262,99;-889,309;0
Floating Wreckage;964;180662;0;-3262,99;-889,309;0
Floating Wreckage;16766;180662;0;-3142,66;-901,367;0
Oily Blackmouth School;16773;180664;0;-3142,66;-901,367;0
Firefin Snapper School;50326;180657;0;-3142,66;-901,367;0
Floating Wreckage;16734;180662;0;-3070,82;-916,696;0
Oily Blackmouth School;16744;180664;0;-3070,82;-916,696;0
Firefin Snapper School;50325;180657;0;-3070,82;-916,696;0
Oily Blackmouth School;47396;180664;0;-3018,44;-941,133;0
Firefin Snapper School;4993;180657;0;-3018,44;-941,133;0
Floating Wreckage;5012;180662;0;-3018,44;-941,133;0
Oily Blackmouth School;47394;180664;0;-2904,7;-1007,43;0
Firefin Snapper School;47519;180657;0;-2904,7;-1007,43;0
Floating Wreckage;4860;180662;0;-2904,7;-1007,43;0
Firefin Snapper School;5021;180657;0;-2869,85;-1038,07;0
Floating Wreckage;5032;180662;0;-2869,85;-1038,07;0
Oily Blackmouth School;47398;180664;0;-2869,85;-1038,07;0
Oily Blackmouth School;47393;180664;0;-2755,3;-1128,21;0
Firefin Snapper School;50324;180657;0;-2755,3;-1128,21;0
Floating Wreckage;4775;180662;0;-2755,3;-1128,21;0
Oily Blackmouth School;50332;180664;0;-2721,1;-1163,18;0
Firefin Snapper School;14903;180657;0;-2721,1;-1163,18;0
Floating Wreckage;961;180662;0;-2721,1;-1163,18;0
Oily Blackmouth School;898;180664;0;-2704,53;-1210,83;0
Firefin Snapper School;47517;180657;0;-2704,53;-1210,83;0
Floating Wreckage;18157;180662;0;-2704,53;-1210,83;0
Firefin Snapper School;14722;180657;0;-2681,61;-1279,36;0
Floating Wreckage;811;180662;0;-2681,61;-1279,36;0
Oily Blackmouth School;18172;180664;0;-2681,61;-1279,36;0
Oily Blackmouth School;14625;180664;0;-2672,18;-1451,32;0
Floating Wreckage;1012;180662;0;-2672,18;-1451,32;0
Firefin Snapper School;989;180657;0;-2672,18;-1451,32;0
Floating Wreckage;986;180662;0;-2625,05;-1536,17;0
Oily Blackmouth School;988;180664;0;-2625,05;-1536,17;0
Firefin Snapper School;14626;180657;0;-2625,05;-1536,17;0
Floating Wreckage;977;180662;0;-2576,34;-1586,48;0
Firefin Snapper School;14627;180657;0;-2576,34;-1586,48;0
Oily Blackmouth School;985;180664;0;-2576,34;-1586,48;0
Floating Wreckage;14852;180662;0;-2460,01;-1757,19;0
Firefin Snapper School;965;180657;0;-2460,01;-1757,19;0
Oily Blackmouth School;973;180664;0;-2460,01;-1757,19;0
Firefin Snapper School;16645;180683;0;-2183,26;-1867,59;0
Floating Wreckage;16644;180685;0;-2066,96;-2050,27;0
Oily Blackmouth School;47522;180664;0;-1474,17;-1098,55;0
Floating Wreckage;47380;180662;0;-1474,17;-1098,55;0
Firefin Snapper School;20826;180657;0;-1474,17;-1098,55;0
Oily Blackmouth School;47401;180664;0;-1428,6;-1035,49;0
Floating Wreckage;47381;180662;0;-1428,6;-1035,49;0
Firefin Snapper School;20857;180657;0;-1428,6;-1035,49;0
Oily Blackmouth School;47392;180664;0;-1376,06;-1012,95;0
Firefin Snapper School;96;180657;0;-1376,06;-1012,95;0
Firefin Snapper School;20819;180657;0;-1304,26;-991,073;0
Oily Blackmouth School;47400;180664;0;-1304,26;-991,073;0
Floating Wreckage;722;180662;0;-1304,26;-991,073;0
Floating Wreckage;725;180662;0;-1263,25;-908,322;0
Firefin Snapper School;20803;180657;0;-1263,25;-908,322;0
Oily Blackmouth School;47390;180664;0;-1263,25;-908,322;0
Firefin Snapper School;502;180657;0;-1199,8;-833,747;0
Floating Wreckage;21242;180662;0;-1199,8;-833,747;0
Oily Blackmouth School;47397;180664;0;-1199,8;-833,747;0
Firefin Snapper School;553;180657;0;-1176,62;161,262;0
Floating Wreckage;554;180662;0;-1176,62;161,262;0
Oily Blackmouth School;21223;180664;0;-1176,62;161,262;0
Floating Wreckage;47379;180662;0;-1169,1;-796,219;0
Firefin Snapper School;47516;180657;0;-1169,1;-796,219;0
Oily Blackmouth School;21244;180664;0;-1169,1;-796,219;0
Oily Blackmouth School;20804;180664;0;-1108,14;-216,96;0
Floating Wreckage;724;180662;0;-1108,14;-216,96;0
Firefin Snapper School;47375;180657;0;-1108,14;-216,96;0
Floating Wreckage;706;180662;0;-1107,49;-147,94;0
Oily Blackmouth School;20823;180664;0;-1107,49;-147,94;0
Firefin Snapper School;698;180657;0;-1107,49;-147,94;0
Firefin Snapper School;649;180657;0;-1102,51;-83,557;0
Oily Blackmouth School;20827;180664;0;-1102,51;-83,557;0
Floating Wreckage;676;180662;0;-1102,51;-83,557;0
Oily Blackmouth School;20877;180664;0;-1101,77;-285,447;0
Floating Wreckage;47521;180662;0;-1101,77;-285,447;0
Firefin Snapper School;622;180657;0;-1101,77;-285,447;0
Floating Wreckage;559;180662;0;-1093,24;-33,4709;0
Oily Blackmouth School;47524;180664;0;-1093,24;-33,4709;0
Firefin Snapper School;21222;180657;0;-1093,24;-33,4709;0
Floating Wreckage;50329;180662;0;-1088,09;-773,98;0
Oily Blackmouth School;21247;180664;0;-1088,09;-773,98;0
Firefin Snapper School;47366;180657;0;-1088,09;-773,98;0
Oily Blackmouth School;47405;180664;0;-1068,16;-336,681;0
Floating Wreckage;536;180662;0;-1068,16;-336,681;0
Firefin Snapper School;21225;180657;0;-1068,16;-336,681;0
Floating Wreckage;618;180662;0;-1056,71;288,538;0
Firefin Snapper School;581;180657;0;-1056,71;288,538;0
Oily Blackmouth School;21221;180664;0;-1056,71;288,538;0
Firefin Snapper School;21243;180657;0;-1037,98;-736,12;0
Oily Blackmouth School;47525;180664;0;-1037,98;-736,12;0
Floating Wreckage;50328;180662;0;-1037,98;-736,12;0
Firefin Snapper School;21224;180657;0;-1032,62;-405,506;0
Oily Blackmouth School;543;180664;0;-1032,62;-405,506;0
Floating Wreckage;47520;180662;0;-1032,62;-405,506;0
Oily Blackmouth School;21238;180664;0;-991,793;-708,385;0
Firefin Snapper School;47367;180657;0;-991,793;-708,385;0
Floating Wreckage;47384;180662;0;-991,793;-708,385;0
Firefin Snapper School;708;180657;0;-985,492;335,767;0
Floating Wreckage;713;180662;0;-985,492;335,767;0
Oily Blackmouth School;20821;180664;0;-985,492;335,767;0
Oily Blackmouth School;21268;180664;0;-948,823;-523,381;0
Firefin Snapper School;50327;180657;0;-948,823;-523,381;0
Floating Wreckage;47383;180662;0;-948,823;-523,381;0
Floating Wreckage;21269;180662;0;-933,148;-568,908;0
Firefin Snapper School;47368;180657;0;-933,148;-568,908;0
Oily Blackmouth School;47406;180664;0;-933,148;-568,908;0
Floating Wreckage;47387;180662;0;-931,71;-554,852;0
Oily Blackmouth School;21264;180664;0;-931,71;-554,852;0
Firefin Snapper School;47371;180657;0;-931,71;-554,852;0
Oily Blackmouth School;47523;180664;0;-896,287;-696,348;0
Floating Wreckage;47385;180662;0;-896,287;-696,348;0
Firefin Snapper School;21241;180657;0;-896,287;-696,348;0
Sagefish School;20805;180663;0;-806,863;-715,487;5,63574
Sagefish School;21246;180663;0;-686,795;-735,617;6,30554
Sagefish School;21245;180663;0;-619,02;-769,87;6,30652
Sagefish School;20915;180663;0;-507,251;-929,455;29,6017
Sagefish School;21260;180663;0;-468,827;-955,067;29,6017
Oily Blackmouth School;35453;180582;0;-459,576;1677,06;0
Sagefish School;732;180656;0;-459,576;1677,06;0
Floating Debris;726;180655;0;-459,576;1677,06;0
Sagefish School;21261;180663;0;-437,862;-1020,62;33,553
Sagefish School;21262;180663;0;-355,982;-1094,87;34,9602
Sagefish School;639;180656;0;-335,832;1723,09;0
Oily Blackmouth School;35482;180582;0;-335,832;1723,09;0
Floating Debris;624;180655;0;-335,832;1723,09;0
Sagefish School;21232;180663;0;-328,036;-878,957;54,3358
Sagefish School;20879;180663;0;-286,699;-906,524;54,3358
Sagefish School;21234;180663;0;-281,086;-860,915;54,3358
Sagefish School;21230;180663;0;-246,458;-870,301;54,3358
Sagefish School;21229;180663;0;-232,452;-1103,82;37,0876
Sagefish School;21228;180663;0;-161,079;-1124,2;37,0966
Sagefish School;21231;180663;0;-35,5541;-1115,41;37,0966
Sagefish School;21236;180663;0;42,8876;-1124,48;37,0966
Sagefish School;29977;180663;0;116,688;-1161,05;37,0966
Sagefish School;21226;180663;0;185,368;-1213,63;37,0966
Greater Sagefish School;33212;180684;0;486,771;409,1;32,934
Floating Wreckage;33300;180685;0;515,198;365,689;32,934
Greater Sagefish School;33209;180684;0;525,774;296,498;32,934
Greater Sagefish School;33210;180684;0;577,045;227,188;32,934
Sagefish School;35428;180656;0;604,853;644,405;32,9334
Oily Blackmouth School;846;180582;0;604,853;644,405;32,9334
Floating Debris;854;180655;0;604,853;644,405;32,9334
Oily Blackmouth School;751;180582;0;643,843;916,963;32,9319
Sagefish School;35439;180656;0;643,843;916,963;32,9319
Floating Debris;767;180655;0;643,843;916,963;32,9319
Floating Debris;807;180655;0;664,48;728,523;32,9329
Sagefish School;35438;180656;0;664,48;728,523;32,9329
Oily Blackmouth School;776;180582;0;664,48;728,523;32,9329
Greater Sagefish School;47426;180684;0;667,415;130,111;32,934
Oily Blackmouth School;840;180582;0;697,501;756,158;32,9329
Floating Debris;841;180655;0;697,501;756,158;32,9329
Sagefish School;35429;180656;0;697,501;756,158;32,9329
Sagefish School;485;180656;0;699,816;1845,44;-0,446223
Floating Debris;479;180655;0;699,816;1845,44;-0,446223
Oily Blackmouth School;35505;180582;0;699,816;1845,44;-0,446223
Sagefish School;35441;180656;0;719,737;978,174;32,9329
Oily Blackmouth School;733;180582;0;719,737;978,174;32,9329
Floating Debris;738;180655;0;719,737;978,174;32,9329
Oily Blackmouth School;35424;180582;0;736,54;1845,57;0
Sagefish School;875;180656;0;736,54;1845,57;0
Floating Debris;874;180655;0;736,54;1845,57;0
Greater Sagefish School;35466;180684;0;744,693;8,48069;32,934
Floating Wreckage;50345;180685;0;744,693;8,48069;32,934
Greater Sagefish School;33211;180684;0;794,327;-35,3443;32,4959
Floating Wreckage;47461;180685;0;794,327;-35,3443;32,4959
Floating Debris;872;180655;0;817,672;1896,21;0
Sagefish School;873;180656;0;817,672;1896,21;0
Oily Blackmouth School;35425;180582;0;817,672;1896,21;0
Greater Sagefish School;47431;180684;0;843,119;-66,724;32,9309
Greater Sagefish School;33284;180684;0;903,772;-82,2748;32,9309
Oily Blackmouth School;35423;180582;0;992,979;1958,68;0
Floating Debris;894;180655;0;992,979;1958,68;0
Sagefish School;897;180656;0;992,979;1958,68;0
Greater Sagefish School;47432;180684;0;994,35;-169,237;32,9309
Greater Sagefish School;50343;180684;0;1055,86;-208,246;32,9309
Greater Sagefish School;50342;180684;0;1144,03;-244,238;32,9309
Greater Sagefish School;47425;180684;0;1188,74;-247,037;32,9309
Greater Sagefish School;47427;180684;0;1210,71;-235,344;32,9309
Floating Wreckage;47462;180685;0;1245,56;-204,805;32,2924
Greater Sagefish School;32191;180684;0;1245,56;-204,805;32,2924
Oily Blackmouth School;861;180582;0;1321,13;757,507;32,9309
Floating Debris;865;180655;0;1321,13;757,507;32,9309
Sagefish School;35426;180656;0;1321,13;757,507;32,9309
Firefin Snapper School;17251;180752;1;-8460,64;-5041,87;0
Oily Blackmouth School;17242;180750;1;-8240,89;-5266,22;0
Stonescale Eel Swarm;17466;180712;1;-7906,06;-5256,7;0
Floating Wreckage;17245;180751;1;-7764,8;-5141,1;0
Stonescale Eel Swarm;17467;180712;1;-7727,08;-5125,11;0
Stonescale Eel Swarm;17469;180712;1;-7691,51;-4923,28;0
Stonescale Eel Swarm;17468;180712;1;-7663,48;-4878,64;0
Stonescale Eel Swarm;17470;180712;1;-7569,51;-4913,58;0
Oily Blackmouth School;17241;180750;1;-7518,89;-4886,82;0
Oily Blackmouth School;50266;180750;1;-7230,44;-4919,24;0
Floating Wreckage;17246;180751;1;-7175,57;-4915,66;0
Firefin Snapper School;18119;180752;1;-7055,77;-4876,62;0
Oily Blackmouth School;50262;180750;1;-7020,72;-4871,83;0
Floating Wreckage;17247;180751;1;-7020,72;-4871,83;0
Firefin Snapper School;18127;180752;1;-7020,72;-4871,83;0
Firefin Snapper School;18120;180752;1;-6951,29;-4907,06;0
Stonescale Eel Swarm;18629;180712;1;-6951,29;-4907,06;0
Firefin Snapper School;17250;180752;1;-6932,98;-4950,85;0
Stonescale Eel Swarm;18631;180712;1;-6932,98;-4950,85;0
Floating Wreckage;18085;180751;1;-6839,84;-4888,99;0
Oily Blackmouth School;50277;180750;1;-6765,14;-4867,56;0
Stonescale Eel Swarm;18232;180712;1;-6765,14;-4867,56;0
Firefin Snapper School;18128;180752;1;-6765,14;-4867,56;0
Stonescale Eel Swarm;50298;180712;1;-6710,04;-4814,66;0
Floating Wreckage;18070;180751;1;-6710,04;-4814,66;0
Oily Blackmouth School;18069;180750;1;-6710,04;-4814,66;0
Firefin Snapper School;50303;180752;1;-6710,04;-4814,66;0
Firefin Snapper School;49912;180752;1;-4859,53;2239,23;0
Stonescale Eel Swarm;18282;180712;1;-4859,53;2239,23;0
Oily Blackmouth School;50308;180750;1;-4859,53;2239,23;0
Floating Wreckage;50310;180751;1;-4844,58;2018,63;0
Firefin Snapper School;49916;180752;1;-4844,58;2018,63;0
Floating Wreckage;49908;180751;1;-4825,53;2112,97;0
Stonescale Eel Swarm;30712;180712;1;-4825,53;2112,97;0
Oily Blackmouth School;17356;180750;1;-4825,53;2112,97;0
Oily Blackmouth School;49904;180750;1;-4798,63;2316,71;0
Firefin Snapper School;18117;180752;1;-4798,63;2316,71;0
Oily Blackmouth School;50309;180750;1;-4791,43;1995,79;0
Stonescale Eel Swarm;50183;180712;1;-4791,43;1995,79;0
Stonescale Eel Swarm;50184;180712;1;-4731,54;2379,84;0
Firefin Snapper School;18121;180752;1;-4731,54;2379,84;0
Stonescale Eel Swarm;33285;180712;1;-4722,65;2106,9;0
Firefin Snapper School;18111;180752;1;-4722,65;2106,9;0
Oily Blackmouth School;49902;180750;1;-4722,65;2106,9;0
Stonescale Eel Swarm;50182;180712;1;-4652,45;2377,74;0
Oily Blackmouth School;18063;180750;1;-4652,45;2377,74;0
Floating Wreckage;18083;180751;1;-4582,54;2354,77;0
Firefin Snapper School;49910;180752;1;-4582,54;2354,77;0
Firefin Snapper School;49915;180752;1;-4520,65;2367,78;0
Oily Blackmouth School;17357;180750;1;-4520,65;2367,78;0
Stonescale Eel Swarm;17891;180712;1;-4520,65;2367,78;0
Firefin Snapper School;50312;180752;1;-4456,79;2379,52;0
Oily Blackmouth School;49905;180750;1;-4456,79;2379,52;0
Oily Blackmouth School;18065;180750;1;-4379,91;2368,7;0
Firefin Snapper School;49909;180752;1;-4379,91;2368,7;0
Stonescale Eel Swarm;50301;180712;1;-4379,91;2368,7;0
Firefin Snapper School;49914;180752;1;-4295,15;2371,78;0
Stonescale Eel Swarm;50302;180712;1;-4295,15;2371,78;0
Oily Blackmouth School;49903;180750;1;-4236,73;2361,38;0
Firefin Snapper School;18118;180752;1;-4236,73;2361,38;0
Floating Wreckage;50264;180751;1;-4236,73;2361,38;0
Oily Blackmouth School;49900;180750;1;-4230,19;2460,48;0
Floating Wreckage;18071;180751;1;-4230,19;2460,48;0
Firefin Snapper School;18123;180752;1;-4230,19;2460,48;0
Stonescale Eel Swarm;18227;180712;1;-4230,19;2460,48;0
Floating Wreckage;50263;180751;1;-4223,67;2385,48;0
Oily Blackmouth School;18062;180750;1;-4223,67;2385,48;0
Firefin Snapper School;49913;180752;1;-4223,67;2385,48;0
Oily Blackmouth School;50259;180750;1;-4210,63;2542,91;0
Floating Wreckage;49906;180751;1;-4210,63;2542,91;0
Firefin Snapper School;18125;180752;1;-4210,63;2542,91;0
Stonescale Eel Swarm;18279;180712;1;-4153,15;2618,2;0
Firefin Snapper School;49911;180752;1;-4153,15;2618,2;0
Floating Wreckage;50265;180751;1;-4153,15;2618,2;0
Stonescale Eel Swarm;50181;180712;1;-4091,41;2695,04;0
Firefin Snapper School;18107;180752;1;-4091,41;2695,04;0
Oily Blackmouth School;18064;180750;1;-4046,58;2884,38;0
Stonescale Eel Swarm;50179;180712;1;-4046,58;2884,38;0
Oily Blackmouth School;50260;180750;1;-4001,04;3001,31;0
Floating Wreckage;49907;180751;1;-4001,04;3001,31;0
Stonescale Eel Swarm;42097;180712;1;-4001,04;3001,31;0
Firefin Snapper School;18105;180752;1;-3950,56;3053,76;0
Stonescale Eel Swarm;50178;180712;1;-3950,56;3053,76;0
Floating Wreckage;50311;180751;1;-3950,56;3053,76;0
Oily Blackmouth School;50261;180750;1;-3950,56;3053,76;0
Oily Blackmouth School;18066;180750;1;-3931,2;2746,97;0
Stonescale Eel Swarm;50180;180712;1;-3931,2;2746,97;0
Floating Wreckage;18082;180751;1;-3931,2;2746,97;0
Firefin Snapper School;18109;180752;1;-3868,3;3103,87;0
Oily Blackmouth School;49901;180750;1;-3868,3;3103,87;0
Floating Wreckage;47473;180685;1;-3548,39;-4378,76;0
Oily Blackmouth School;47534;180682;1;-3548,39;-4378,76;0
Firefin Snapper School;50341;180683;1;-3548,39;-4378,76;0
Floating Wreckage;20354;180685;1;-3431,34;-4390,54;0
Floating Wreckage;18223;180685;1;-3371,17;-4340,61;0
Firefin Snapper School;11167;180683;1;-3325,25;-4306,11;0
Firefin Snapper School;47535;180683;1;-3250,99;-4297,08;0
Firefin Snapper School;18193;180683;1;-3193,46;-4268,06;0
Firefin Snapper School;18195;180683;1;-3153,37;-4241,55;0
Firefin Snapper School;18185;180683;1;-3053,86;-4229,58;0
Oily Blackmouth School;11173;180682;1;-3053,86;-4229,58;0
Firefin Snapper School;50339;180683;1;-2994,52;-4235,53;0
Oily Blackmouth School;47533;180682;1;-2994,52;-4235,53;0
Floating Wreckage;20339;180685;1;-2937,83;-4248,67;0
Firefin Snapper School;47424;180683;1;-2937,83;-4248,67;0
Oily Blackmouth School;18181;180682;1;-2937,83;-4248,67;0
Oily Blackmouth School;47527;180682;1;-2871,48;-4241,04;0
Firefin Snapper School;50340;180683;1;-2871,48;-4241,04;0
Floating Wreckage;11171;180685;1;-2752,89;-4213,23;0
Oily Blackmouth School;47418;180682;1;-2693,47;-4182,76;0
Floating Wreckage;20377;180685;1;-2693,47;-4182,76;0
Firefin Snapper School;18189;180683;1;-2693,47;-4182,76;0
Firefin Snapper School;11170;180683;1;-2653,76;-4136,18;0
Firefin Snapper School;47423;180683;1;-2636,08;-4058,32;0
Firefin Snapper School;11172;180683;1;-2592,63;-3865,09;0
Firefin Snapper School;47538;180683;1;-2591,33;-4100,78;0
Oily Blackmouth School;47417;180682;1;-2591,33;-4100,78;0
Floating Wreckage;18213;180685;1;-2591,33;-4100,78;0
Oily Blackmouth School;50334;180682;1;-2533,09;-4059,57;0
Firefin Snapper School;11169;180683;1;-2533,09;-4059,57;0
Firefin Snapper School;11166;180683;1;-2526,77;-3842,35;0
Firefin Snapper School;50336;180683;1;-2526,34;-3965,8;0
Oily Blackmouth School;11168;180682;1;-2526,34;-3965,8;0
Firefin Snapper School;50337;180683;1;-2359,54;-3854,49;0
Firefin Snapper School;50335;180683;1;-2295,38;-3893,07;0
Oily Blackmouth School;15707;180682;1;-2295,38;-3893,07;0
Oily Blackmouth School;50333;180682;1;-2229,07;-3910,16;0
Firefin Snapper School;15708;180683;1;-2179,12;-3912,34;0
Oily Blackmouth School;50276;180682;1;-2179,12;-3912,34;0
Firefin Snapper School;18211;180683;1;-2019,94;3154,51;0
Sagefish School;5120;180656;1;-1981,99;-3767,3;0
Floating Debris;50307;180655;1;-1981,99;-3767,3;0
Oily Blackmouth School;18140;180582;1;-1981,99;-3767,3;0
Firefin Snapper School;32563;180683;1;-1967,56;3075,03;0
Sagefish School;919;180656;1;-1951,5;-3759,95;0
Floating Debris;18151;180655;1;-1951,5;-3759,95;0
Oily Blackmouth School;13429;180582;1;-1951,5;-3759,95;0
Firefin Snapper School;18206;180683;1;-1932,85;3071,6;0
Oily Blackmouth School;32561;180682;1;-1932,85;3071,6;0
Sagefish School;16576;180656;1;-1925,76;-3760,7;0
Oily Blackmouth School;50305;180582;1;-1925,76;-3760,7;0
Floating Debris;16574;180655;1;-1925,76;-3760,7;0
Firefin Snapper School;32564;180683;1;-1890,94;3079,53;0
Firefin Snapper School;32562;180683;1;-1849,59;3071,28;0
Firefin Snapper School;18202;180683;1;-1819,44;3065,4;0
Floating Debris;18154;180655;1;-1773,84;-3813,52;0
Oily Blackmouth School;18139;180582;1;-1773,84;-3813,52;0
Sagefish School;952;180656;1;-1773,84;-3813,52;0
Floating Wreckage;18225;180685;1;-1773,08;3283,3;0
Oily Blackmouth School;32556;180682;1;-1753,47;3150,17;0
Firefin Snapper School;32565;180683;1;-1746,44;3268,02;0
Firefin Snapper School;18200;180683;1;-1726,92;3240,38;0
Oily Blackmouth School;13432;180582;1;-1608,05;-3954,22;0
Floating Debris;1124;180655;1;-1608,05;-3954,22;0
Sagefish School;1188;180656;1;-1608,05;-3954,22;0
Floating Debris;1457;180655;1;-1586,55;-3948,27;0
Sagefish School;1461;180656;1;-1586,55;-3948,27;0
Oily Blackmouth School;13421;180582;1;-1586,55;-3948,27;0
Oily Blackmouth School;18144;180582;1;-1476,99;-3924,05;0
Floating Debris;899;180655;1;-1476,99;-3924,05;0
Sagefish School;915;180656;1;-1476,99;-3924,05;0
Sagefish School;15202;180656;1;-1321,56;-4052,38;0
Floating Debris;50283;180655;1;-1321,56;-4052,38;0
Oily Blackmouth School;50278;180582;1;-1321,56;-4052,38;0
Sagefish School;16580;180656;1;-1302,54;-3916,2;0
Oily Blackmouth School;50314;180582;1;-1302,54;-3916,2;0
Floating Debris;16579;180655;1;-1302,54;-3916,2;0
School of Deviate Fish;14843;180658;1;-1255,75;-3032,26;87,7131
Oily Blackmouth School;50267;180582;1;-1199,29;-3823,79;0
Sagefish School;1048;180656;1;-1199,29;-3823,79;0
Floating Debris;14778;180655;1;-1199,29;-3823,79;0
School of Deviate Fish;14844;180658;1;-1115,27;-2188,13;80,1618
School of Deviate Fish;14842;180658;1;-1103,94;-2069,61;80,1618
Floating Debris;18153;180655;1;-1011,95;-3808,33;0
Sagefish School;936;180656;1;-1011,95;-3808,33;0
Oily Blackmouth School;13422;180582;1;-1011,95;-3808,33;0
Floating Debris;50279;180655;1;-1001,69;-3733,47;0
Sagefish School;10964;180656;1;-1001,69;-3733,47;0
Oily Blackmouth School;50268;180582;1;-1001,69;-3733,47;0
Oily Blackmouth School;50284;180582;1;-988,858;-3775,46;0
Floating Debris;15397;180655;1;-988,858;-3775,46;0
Sagefish School;15419;180656;1;-988,858;-3775,46;0
Oily Blackmouth School;13431;180582;1;-957,178;-3778,92;0
Floating Debris;1431;180655;1;-957,178;-3778,92;0
Sagefish School;1438;180656;1;-957,178;-3778,92;0
Floating Debris;1441;180655;1;-872,794;-3814,69;0
Oily Blackmouth School;13430;180582;1;-872,794;-3814,69;0
Sagefish School;1442;180656;1;-872,794;-3814,69;0
Oily Blackmouth School;50313;180582;1;-833,911;-3919,65;0
Floating Debris;16577;180655;1;-833,911;-3919,65;0
Sagefish School;16578;180656;1;-833,911;-3919,65;0
Firefin Snapper School;50296;180683;1;-270,212;2531,49;0
Firefin Snapper School;50297;180683;1;-232,931;2502,31;0
Oily Blackmouth School;32560;180682;1;-206,448;2473,09;0
School of Deviate Fish;14841;180658;1;77,3018;-1984,69;89,6808
Oil Spill;47620;180661;1;1123,77;-314,828;-9,73216
Oil Spill;47621;180661;1;1201,43;-256,563;-9,73216
Oil Spill;47622;180661;1;1434,25;186,711;11,2755
Oil Spill;47618;180661;1;1487,37;0,364583;11,2851
Oil Spill;47619;180661;1;1574,21;-85,732;11,2851
Sagefish School;47624;180663;1;1670,89;921,875;122,101
Floating Wreckage;47623;180662;1;1686,51;833,11;122,101
Firefin Snapper School;5124;180657;1;1686,51;833,11;122,101
Oily Blackmouth School;5169;180664;1;1686,51;833,11;122,101
Sagefish School;48060;180663;1;1970,66;-880,418;89,6561
Sagefish School;50282;180663;1;2008,8;-1013,17;89,6561
Sagefish School;48067;180663;1;2020,53;-1982,26;94,7607
Sagefish School;48064;180663;1;2038,68;-983,481;89,6561
Sagefish School;50300;180663;1;2047,33;-1119,42;89,6561
Sagefish School;48062;180663;1;2109,73;-3206,77;91,4678
Sagefish School;18162;180663;1;2509,32;-2855,59;150,071
Sagefish School;50330;180663;1;2566,85;-2856,31;158,68
Sagefish School;48061;180663;1;2584,03;-341,135;102,761
Sagefish School;18158;180663;1;2617,94;-365,778;102,761
Sagefish School;50293;180663;1;2621,8;-391,939;102,761
Sagefish School;48066;180663;1;2654,1;-585,364;102,761
Sagefish School;48059;180663;1;2763,26;-493,28;102,761
Sagefish School;48063;180663;1;2835,77;-549,966;102,761
Sagefish School;50331;180663;1;2848,93;-316,313;102,761
Sagefish School;18161;180663;1;2891,01;-333,287;102,761
Sagefish School;50285;180663;1;2891,74;-2735,1;210,215
Sagefish School;48065;180663;1;2921,18;-2609,78;210,215
Stonescale Eel Swarm;18284;180712;1;2959,22;-6004,52;0
Floating Wreckage;18086;180751;1;2959,22;-6004,52;0
Firefin Snapper School;18122;180752;1;2969,99;-6115,76;0
Firefin Snapper School;48233;180752;1;3165,24;-5838,86;0
Floating Wreckage;18084;180751;1;3254,9;-5812,65;0
Oily Blackmouth School;18067;180750;1;3333,88;-5834,96;0
Floating Wreckage;48231;180751;1;3453,5;-5820,57;0
Stonescale Eel Swarm;48451;180712;1;3612,69;-5743,88;0
Floating Wreckage;48232;180751;1;3638,11;-6042,03;0
Stonescale Eel Swarm;18293;180712;1;3875,84;-5796,33;0
Oily Blackmouth School;48230;180750;1;3960,55;-5921,98;0
Oily Blackmouth School;50295;180582;1;4674,38;843,767;0
Sagefish School;15779;180656;1;4674,38;843,767;0
Floating Debris;15777;180655;1;4674,38;843,767;0
Sagefish School;5178;180656;1;4723,29;727,582;0
Floating Debris;50280;180655;1;4723,29;727,582;0
Oily Blackmouth School;48525;180582;1;4723,29;727,582;0
Sagefish School;15771;180656;1;4737,25;851,432;-0,790674
Floating Debris;15764;180655;1;4737,25;851,432;-0,790674
Oily Blackmouth School;50290;180582;1;4737,25;851,432;-0,790674
Sagefish School;15776;180656;1;4754,92;781,582;0
Floating Debris;15775;180655;1;4754,92;781,582;0
Oily Blackmouth School;50294;180582;1;4754,92;781,582;0
Sagefish School;15204;180656;1;4838,6;703,922;0
Oily Blackmouth School;50281;180582;1;4838,6;703,922;0
Floating Debris;15203;180655;1;4838,6;703,922;0
Oily Blackmouth School;50275;180582;1;4969,75;598,72;0
Floating Debris;15199;180655;1;4969,75;598,72;0
Sagefish School;15200;180656;1;4969,75;598,72;0
Oily Blackmouth School;48539;180582;1;5098,13;591,153;-0,757871
Floating Debris;5179;180655;1;5098,13;591,153;-0,757871
Sagefish School;5181;180656;1;5098,13;591,153;-0,757871
Oily Blackmouth School;50289;180582;1;5205,42;646,524;0
Sagefish School;15763;180656;1;5205,42;646,524;0
Floating Debris;15634;180655;1;5205,42;646,524;0
Oily Blackmouth School;48541;180582;1;5286,93;587,093;0
Floating Debris;5182;180655;1;5286,93;587,093;0
Sagefish School;5183;180656;1;5286,93;587,093;0
Oily Blackmouth School;50274;180582;1;5391,52;547,168;0
Floating Debris;15110;180655;1;5391,52;547,168;0
Sagefish School;15111;180656;1;5391,52;547,168;0
Floating Debris;14088;180655;1;5530,88;568,461;0
Sagefish School;14089;180656;1;5530,88;568,461;0
Oily Blackmouth School;50272;180582;1;5530,88;568,461;0
Sagefish School;14097;180656;1;5632,19;551,868;0
Floating Debris;50273;180655;1;5632,19;551,868;0
Oily Blackmouth School;14096;180582;1;5632,19;551,868;0
Floating Debris;14086;180655;1;5721,1;592,505;0
Sagefish School;14087;180656;1;5721,1;592,505;0
Oily Blackmouth School;50271;180582;1;5721,1;592,505;0
Floating Debris;15505;180655;1;5837,96;548,35;0
Oily Blackmouth School;50288;180582;1;5837,96;548,35;0
Sagefish School;15633;180656;1;5837,96;548,35;0
Floating Debris;5121;180655;1;5881,34;595,47;0
Sagefish School;5123;180656;1;5881,34;595,47;0
Oily Blackmouth School;18141;180582;1;5881,34;595,47;0
Sagefish School;5190;180656;1;6083,96;587,658;0
Oily Blackmouth School;50292;180582;1;6083,96;587,658;0
Floating Debris;48556;180655;1;6083,96;587,658;0
Floating Debris;10951;180655;1;6293,92;590,357;0
Oily Blackmouth School;18142;180582;1;6293,92;590,357;0
Sagefish School;10963;180656;1;6293,92;590,357;0
Oily Blackmouth School;50270;180582;1;6431,71;667,197;0
Floating Debris;10969;180655;1;6431,71;667,197;0
Sagefish School;14085;180656;1;6431,71;667,197;0
Floating Debris;50291;180655;1;6485,99;679,739;0
Sagefish School;15497;180656;1;6485,99;679,739;0
Oily Blackmouth School;50287;180582;1;6485,99;679,739;0
Sagefish School;916;180656;1;6486,94;822,047;0
Oily Blackmouth School;18145;180582;1;6486,94;822,047;0
Floating Debris;50306;180655;1;6486,94;822,047;0
Oily Blackmouth School;50286;180582;1;6502,51;881,164;0
Floating Debris;15420;180655;1;6502,51;881,164;0
Sagefish School;15476;180656;1;6502,51;881,164;0
Oily Blackmouth School;48638;180582;1;6511,13;757,642;0
Floating Debris;5192;180655;1;6511,13;757,642;0
Sagefish School;5322;180656;1;6511,13;757,642;0
Sagefish School;10967;180656;1;6528,03;813,211;0
Oily Blackmouth School;50269;180582;1;6528,03;813,211;0
Floating Debris;10966;180655;1;6528,03;813,211;0
Oily Blackmouth School;50304;180582;1;6648,43;540,152;0
Sagefish School;16548;180656;1;6648,43;540,152;0
Floating Debris;15783;180655;1;6648,43;540,152;0
Sagefish School;5340;180656;1;6756,7;515,737;-0,700236
Oily Blackmouth School;48646;180582;1;6756,7;515,737;-0,700236
Floating Debris;5328;180655;1;6756,7;515,737;-0,700236
Sagefish School;5435;180656;1;6845,35;479,494;0
Floating Debris;48647;180655;1;6845,35;479,494;0
Oily Blackmouth School;50299;180582;1;6845,35;479,494;0
Sagefish School;5441;180656;1;6965,09;434,654;0
Oily Blackmouth School;48648;180582;1;6965,09;434,654;0
Floating Debris;5439;180655;1;6965,09;434,654;0
Floating Debris;5476;180655;1;6967,07;182,5;-0,538619
Sagefish School;6808;180656;1;6967,07;182,5;-0,538619
Oily Blackmouth School;48658;180582;1;6967,07;182,5;-0,538619
Oily Blackmouth School;48650;180582;1;6981,46;323,755;0
Floating Debris;5442;180655;1;6981,46;323,755;0
Sagefish School;5465;180656;1;6981,46;323,755;0
Sagefish School;6844;180656;1;7304,01;224,661;-0,667236
Oily Blackmouth School;48663;180582;1;7304,01;224,661;-0,667236
Floating Debris;6843;180655;1;7304,01;224,661;-0,667236
Oily Blackmouth School;48667;180582;1;7448,34;-246,666;0
Floating Debris;6856;180655;1;7448,34;-246,666;0
Sagefish School;6864;180656;1;7448,34;-246,666;0
Muddy Churning Waters;28707;180369;309;-11900;-1479,85;10,4603
Muddy Churning Waters;28706;180369;309;-11841,1;-1506,42;10,4603
Muddy Churning Waters;28705;180369;309;-11781;-1425,23;10,4603
Muddy Churning Waters;28708;180369;309;-11680,2;-1659,74;10,4603
